Rank,Player,Player.1,Best achievements,Points,#,Games,100%,All,Badges,XP,Member since,Hours,Last update
1,The Stranger,The Stranger,First Blood - Part Two  Rambo III  Excessive force  Bolt-action  1.21 Gigawatts  It Fausts Panzers  Sci-fi deathrays  Flak you,126734.47,149789,16256,4322,20808,4909,3086878,04/15/2011,68006.9,02/26/2022 00:51:18
2,lylat,lylat,"Arid Finale  CAR vs. Car  Lock, Stock And Barrel  Beyond the Sea  Honorary Benson  A New Day  Melon Felon  Shoot for the Moon",114598.04,137734,17202,5718,26428,194,295930,06/03/2009,53803.9,02/22/2022 12:08:07
3,hannez,hannez,EP1: Communiqu√©  EP2: Communiqu√©  EP2: Data Collector  EP2: Voyeur  EP3: Communiqu√©  EP5: Communiqu√©  EP5: Contraband  Zijin Shan,90395.42,94543,12977,3828,23006,2008,791705,06/23/2010,27948.5,02/26/2022 21:38:53
4,Skaery,Skaery,Paddy Locky Fulfillment  World of Easy Goo  World of Okay Goo  World of Challenging Goo  World of Impossible Goo  You've Been Slimed  Hat Trick!  Impossible - Hit all targets,85915.03,94918,10195,2100,13143,644,198801,06/08/2004,88054.4,02/22/2022 12:03:24
5,marklar,marklar,Tracked Gold  Sitting Duck Gold  Riding Shotgun Platinum  Transport Hunter Gold  Camper Van  S&D Cool Under Pressure Gold  S&D Bomberman Gold  First Pass,81993.24,84147,11711,3956,No games available,1212,378057,05/01/2008,57020.6,02/26/2022 00:39:03
6,DDtective,DDtective,"Full house  Double down  Weapons free  Queen of hearts  King of Diamonds  Arid Finale  Lock, Stock And Barrel  Honorary Benson",81786.19,96762,11312,3422,18409,194,59918,09/01/2005,12905.7,03/01/2022 20:30:47
7,AFAK,AFAK,Research and Development 4  A Perfect World - Intercept 2  No Mercy 11  Knowledge is Power 5  Spoils of War 3  The Best Meet the Rest  Knowledge is Power 4  Research and Development 3,66050.1,75310,14311,3323,24030,457,160215,09/19/2014,33134.3,02/21/2022 23:07:04
8,Gajusz,Gajusz,Kills  Christmas 2021 Complete!  Unique Castle Complete!  Unique Face Complete!  The Scintillating Flame  The Ravenous Maw  The Unearthly Devourer  The Star-Strewn Abyss,60859.08,73891,3960,1077,5360,662,139628,08/19/2009,42913.2,02/21/2022 18:21:07
9,twitch.tv/Hikikomori523,twitch.tv/Hikikomori523,World Fights Back - Infiltration 3  A Perfect World - Infiltration 1  World Fights Back - Blockade 1  Explore the World - Infiltration 3  Explore the World - Blockade 1  Research and Development 1  World Fights Back - Infiltration 3  Serene Magnate,54159.18,72452,13066,1731,16104,236,75148,02/05/2005,20498.7,02/26/2022 21:31:56
10,[coatl] master.chief,[coatl] master.chief,Keeper of Eden  Keeper of Eden  Tracked Gold  Sitting Duck Gold  Riding Shotgun Platinum  Transport Hunter Gold  Camper Van  S&D Cool Under Pressure Gold,51597.23,58991,7133,1320,10822,724,124230,01/23/2008,75281.3,04/01/2022 16:53:27
11,NEX,NEX,That's a Lot Of Notes!  I'm Having a Key Stroke  Grand Theft Auto  Delivery Boy  TATSRAVE  Buried  Key Grip  In Line!,51285.61,64579,9154,3095,9661,27,52027,12/01/2004,32044.1,02/20/2022 07:59:42
12,Spidpex,Spidpex,Burlune Expert  Burlune Master  Pythanous Expert  Pythanous Master  No Feat Too Great  Big Time Loser  Bubobubo Master  FrostSoul Avice Professional,50995.56,40394,9421,1122,14131,5376,926098,05/10/2011,13922.6,05/06/2022 08:28:11
13,Dreki,Dreki,This used to be a nice neighborhood!  This isn't what I signed up for  Night Duty  Boomstick From Hell  Angry Baby  It wasn't an illness  Knee Deep in the Zed  Killing the killer,49910.01,47736,5736,1709,7982,628,193394,04/12/2008,65474.8,02/21/2022 18:22:03
14,Falken,Falken,This used to be a nice neighborhood!  This isn't what I signed up for  Night Duty  Angry Baby  It wasn't an illness  Knee Deep in the Zed  Kiosk Item Unlocked: Challenge 63  Challenge 63 Complete!,46873.52,47932,7130,2067,8399,954,229183,03/15/2006,62976.0,03/05/2022 01:23:24
15,Azatoth,Azatoth,RADicalROACH: Infinity Complete!  Unique Castle Complete!  Unique Face Complete!  Unique Horse Complete!  Unique Savanna Complete!  Unique Bird Complete!  Challenge 62 Complete!  Kiosk Item Unlocked: Challenge 62,46756.09,45996,4117,1725,4204,65,13636,04/06/2011,60222.0,02/21/2022 14:12:24
16,Veteranu,Veteranu,Puzzle Platformer  Trade Buyer  Trade Seller  Battle Host  No Chill  Warper  Archeologist  Stomach Scholar,45329.71,37959,3137,522,4462,798,187707,02/27/2012,20766.9,02/24/2022 10:19:45
17,Alex,Alex,The Unbeatable  Gunship Gunther  Bonnie & Clyde  Earned Your Badge  Completionist  Impossible  Percy Bysshe Shelley  John Keats,42239.58,33310,1701,822,2227,270,115144,02/07/2015,71104.6,12/14/2021 10:27:49
18,Bunny,Bunny,Don‚Äôt blame it on the sunshine  Pretty fly for a cacti  Pipe dream  Currently Attractive  Lights out  Arsonist  Safety first  Bedwetter,41618.52,55599,11970,3445,15513,3729,1852979,04/05/2014,8212.8,04/07/2022 20:19:31
19,Blind,Blind,Taste of Your Own Medicine 6  Taste of Your Own Medicine 1  Things Go Boom 1  Things Go Boom 2  Taste of Your Own Medicine 2  No Mercy 3  Arashi Grandmaster 7  One of the Days 4,41510.26,50484,1515,117,1635,162,75969,08/06/2006,35861.4,04/05/2022 23:10:57
20,KentKareless,KentKareless,Shady Sidekicks - Part 2  Shady Sidekicks - Part 1  Second Third Out  A Neutral Party  Rickety Rubble  The Birds  Twilight Twist  Shadowfell Stalwarts,41505.74,59699,8622,1225,8698,445,124263,10/05/2013,134992.7,02/26/2022 21:29:40
21,Pikapool,Pikapool,"This is how the world ends: swallowed in fire, but not in darkness. (Nightmare (Adventure) difficulty)  This is how the world ends: swallowed in fire, but not in darkness. (Insane (Adventure) difficulty)  This is how the world ends: swallowed in fire, but not in darkness. (Madness (Adventure) difficulty)  This is how the world ends: swallowed in fire, but not in darkness. (Madness (Roguelike) difficulty)  Last Instant of Sanity (Exploration mode)  Last Instant of Sanity (Nightmare (Adventure) difficulty)  Last Instant of Sanity (Nightmare (Roguelike) difficulty)  Last Instant of Sanity (Insane (Roguelike) difficulty)",40615.48,36118,1303,922,1240,572,139337,04/07/2015,42303.3,02/26/2022 21:24:52
22,Crossbourne,Crossbourne,Explore the World - Infiltration 4  Chaladonian Grandmaster 5  Chaladonian Grandmaster 6  World At War 1  Chaladonian Grandmaster 4  World Fights Back - Blockade 1  World Fights Back - Assault 2  Explore the World - Blockade 1,40231.2,40994,12459,1232,18799,4453,2217458,07/04/2005,0.0,03/12/2022 14:33:06
23,FanSH,FanSH,Arashi Grandmaster 9  Arashi Grandmaster 8  Arashi Grandmaster 7  Arashi Grandmaster 6  Arashi Grandmaster 5  Arashi Grandmaster 9  Arashi Grandmaster 8  Knowledge is Power 1,40102.55,43078,8666,660,15103,986,263664,05/15/2012,7979.4,03/01/2022 20:27:57
24,csalokkk,csalokkk,Sentry  Fighter  Specialist  Expert  Chronicler  Explorer  Guardian  Matrices,39312.73,26556,1833,1030,2563,242,120783,09/14/2003,22859.6,12/09/2021 10:45:50
25,M,M,Future Generations  Proving Grounds  Mice  War All of the Time 4  Mirror Image Teaching  Underdog Win 4  Class Act  Battle Tested,39089.59,35338,5422,824,6682,446,75209,05/25/2010,19960.4,03/01/2022 20:23:26
26,KLSH21,KLSH21,Heroes Undaunted  Villains Thwarted  Endless master  Endless masters  Challenge Completed  Classic Champion  Challenge Outmatched  Team-ups Terminated,38861.45,34368,3171,1117,3627,1116,254374,12/29/2006,62188.8,01/16/2022 10:11:13
27,Sellyme,Sellyme,"1,000,000 Slot Spins  Undead Army Upkeep  Daily quests  Steal The Sun  Sweet Socket  Play 100,000 Video Poker Hands  Lycanthrope army  GREAT TOURNAMENT!",38320.68,54667,12109,1133,19151,527,257126,07/24/2010,86560.9,03/01/2022 20:31:22
28,Cos,Cos,Space Hero  FuturLab Certified  Super Sniper  Holy Moly!  No Time to Zork Around  Malcolm at the Front  Dr. Salk  Gasso Fanatic,37677.64,31085,4493,963,8377,172,39675,10/10/2005,39047.7,03/01/2022 20:23:06
29,Lupino,Lupino,Pilgrimage  Personality Disorder  It Requires Finesse  Runic Enthusiasm  Botanist  Survival of the Fittest  Pacifist  Black Friday,37385.74,32479,1144,1042,952,156,53709,04/30/2013,0.0,02/10/2022 00:51:15
30,ChrisEST,ChrisEST,Dragon Dawn Defeated++  Completionist  Unrestricted  Stellar!  Whip It Good  Fantastic Frog Friend  Dragon Dawn Defeated+  Dragon Dawn Defeated,37055.4,25726,1440,864,1730,85,23227,02/23/2013,14484.3,03/28/2022 12:21:49
31,Ã∑SÃ∑aÃ∑nÃ∑tÃ∑aÃ∑_Ã∑KÃ∑oÃ∑tÃ∑9Ã∑rÃ∑aÃ∑,Ã∑SÃ∑aÃ∑nÃ∑tÃ∑aÃ∑_Ã∑KÃ∑oÃ∑tÃ∑9Ã∑rÃ∑aÃ∑,Dragon's Call  Phoenix Fire  Fallow Deer  Challenge 64 Complete!  Kiosk Item Unlocked: Challenge 64  Spring Chick Complete!  ChaCho Complete!  RADicalROACH: Infinity Complete!,36989.09,33501,2409,1396,4579,294,55029,11/17/2018,48368.1,05/04/2022 14:13:24
32,Csontzuzo,Csontzuzo,Christmas 2021 Complete!  Unique Savanna Complete!  Unique Bird Complete!  Challenge 62 Complete!  Kiosk Item Unlocked: Challenge 62  Unique Fort Complete!  Unique Da Vinci Complete!  Puzzler VII,36925.81,36045,4772,1282,6071,852,156946,09/12/2011,26207.4,02/25/2022 08:30:57
33,Mike Agresso,Mike Agresso,Seriously. Wow. Just...wow.  Still Alive  Third world  Fourth world  Fifth world  Perfect  Non-stop  Ultron's Army,36783.75,26840,2142,879,2887,742,86380,04/28/2015,9677.9,11/21/2021 10:59:45
34,DarkTerminator,DarkTerminator,Three Prongs of Trishula  Dance of Bliss and Destruction  Don't Stop Now  Exploit: true recursion  Jump Scare  Are you Burdened?  Exploit: rainbow  Orbital Cannon,36442.52,48251,10622,1596,15284,2548,639989,11/21/2010,16359.1,03/29/2022 11:24:36
35,Hanni,Hanni,Timing is your friend  Everything can kill you  Breaking Sanity  More than Focused  Skilled Champion  Beginning of the end  Keyboard Breaker  Another one down,36333.81,44742,11170,2400,15985,726,403580,01/04/2012,7860.9,12/30/2021 03:08:38
36,ùñüùñçùñéùñôùñçùñäùñÜùñâ,ùñüùñçùñéùñôùñçùñäùñÜùñâ,You have become death  Now your gear is super sticky  500K Saved  1M Saved  5M Saved  10M Saved  Hard Satellite Saved  Admiral of the fleet,36261.52,28890,1348,1133,1511,579,155141,05/30/2014,5082.0,04/11/2022 09:19:50
37,Ghost Patriot,Ghost Patriot,EP1: Communiqu√©  EP2: Communiqu√©  EP2: Data Collector  EP3: Contraband  EP4: Voyeur  EP5: Communiqu√©  EP5: Data Collector  EP5: Voyeur,35863.58,31808,1351,994,1684,164,54151,07/20/2010,10935.4,02/08/2022 08:47:29
38,Lov3toPlay,Lov3toPlay,Steady Eddie  Chow Yun Fat  Fall Guy  Superfall Sharpshooter  Superfall King  Mac Daddy'd  Stallion Whisperer  Black Magicked,35497.06,32157,1387,1198,1078,234,65411,07/09/2008,7274.5,01/22/2022 21:31:08
39,TheRealCelticBatman,TheRealCelticBatman,"Family Orientated  Forwards, Together  Level X Pirate  Level X Master  Level X Supreme Master  Kiosk Item Unlocked: Da Vinci  Kiosk Item Unlocked: Castle  Pandemic God",34805.05,51619,5555,668,7299,1161,256908,12/15/2013,36511.1,03/01/2022 11:23:27
40,MMJ,MMJ,"Elder Abuse  He Still Got Some Tricks On Him  Old Schooled  Bar Fight  Watch This  He Saw, We Conquered  Knock on Wood  The Power Of Friendship",34367.95,25116,5920,554,8942,275,48432,02/19/2010,14805.5,02/04/2022 20:20:50
41,DUKAPb,DUKAPb,Tracked Gold  Beyond the Sea  Heads and Tails  Thumb on the Scale  Perfect Balance  Collecting Tails  Scale Necklace  Shedding Skin,33919.66,33553,4707,1610,5928,2456,883927,07/23/2007,25756.3,04/07/2022 12:27:13
42,Pris,Pris,"Straight Way to Shao Lin  4. Time To Hire Better Security  4. Math Hurts  Sticky Situation  4. Never Trust A Mime  4. They're Just Bigger Targets, You Know  4. I'll Show You Brutal  4. Equated With Dead",33754.88,37397,6402,1822,8157,530,196453,03/08/2012,27956.8,06/15/2021 06:24:40
43,Meszes,Meszes,"MVP  Color Guard  Miracle Maker  Prize Fighter  Home, sweet home  All four seasons shall pass  Romance set in stone  Wicked",33621.25,50061,1988,856,2642,150,69961,12/17/2004,21370.6,09/19/2021 06:15:40
44,ùïäùïÄ‚Ñï‚Ñïùîº‚Ñù,ùïäùïÄ‚Ñï‚Ñïùîº‚Ñù,Peachillionare  Just like mama used to make  umami  Ripe  Over Ripe  Pylon Baron  Insect Repellent  Proper Job,33477.93,23985,2039,920,2761,451,148626,10/26/2016,57885.1,12/02/2021 14:37:46
45,kanikani,kanikani,Fire Chief  Monster Master  Runedex Completionist  Ain't Got That Swing  Slam Bolt Royalty  Best Friends Forever  And the Kitchen Sink  Even On a Battlefield?,33454.43,28879,4834,798,7072,659,119590,06/15/2011,15523.2,03/28/2021 05:46:20
46,„ÉÅ„Çß„É™„Éº„Éë„Ç§ CherryPie,„ÉÅ„Çß„É™„Éº„Éë„Ç§ CherryPie,The Swift Cremator  The Death Caller  The Cannibal Minister  The Illusionist  The Shade Spinner  The Plate Arachnid  The Hell Templar  The Armoured Weaver,33202.19,43442,11577,2819,17847,4209,2489437,10/01/2012,23155.5,02/06/2021 12:55:00
47,Stexred,Stexred,Predators  Cave Dwellers  LZN: Soaking up the lake views  LZN: Showcasing Swiss punctuality  HAR: Grand Appearance  HAR: New York's Finest  LZN: Chasing The Maestro's 230 km/h serve  HAR: A Fine Line,33195.61,42685,9030,791,11227,518,220874,08/04/2009,100587.4,04/05/2022 15:12:21
48,ƒûi≈àƒû,ƒûi≈àƒû,Conductor Level 5  Conductor Level 4  Rehearsal for the real thing  Enlightment  Tuscan Air Racer  Formation Flight 3 Players  10 Multiplayer Kills  100 Multiplayer Kills,32991.9,26510,1456,690,1692,23,11060,04/01/2017,1869.7,03/20/2022 05:07:42
49,Griefor,Griefor,Tactical Prowess  No Dead Cats  Grizzled Veteran  Rising Star  Gold Award  Into the Fray  Silver Award  Freshman,32981.84,34518,4907,177,5838,38,14685,07/17/2008,17522.6,01/26/2021 23:33:19
50,Dargart,Dargart,"The Easy Way  The Long Way Around  Oma: Forest squirrel  Santimami√±e: The white rabbit  Laminzulo: Run like the wind  Sorginetxe: Don't look back  Oma: a promise made, is a debt unpaid  Laminzulo: What you receive, you owe",32953.58,39917,3982,1867,4367,102,45967,12/13/2012,14773.8,01/27/2021 06:47:50
51,Moon Bi,Moon Bi,Ultimate Ninja  Completionist  This is Awkward...  Coordinated Strike  Hyper Focused  This Is My Story  Even the Odds  Clever,32741.98,25578,983,633,1465,185,48375,12/05/2014,5285.9,12/13/2021 18:35:31
52,Bilko,Bilko,New home  New friends  Diplomat  Archeologist  Risky  Savior of Mankind  Kielce taken  Wloclawek defended,32649.92,44999,1712,480,1880,351,91165,11/16/2004,31290.1,10/21/2021 08:12:49
53,Letande,Letande,Gotta catch em all  Too Many Chiefs  Phobos and Deimos  Completionist  Company of Heroes  Conqueror  Use It Or Lose It  Five Year Anniversary,32630.36,26409,3571,764,5419,594,285396,03/21/2006,47240.4,04/01/2022 00:46:49
54,Princesa Zanahoria,Princesa Zanahoria,Ready to Roll  Mole Power  Dark Magic Bars Our Way  The Knight of Tempra  Cowabunga  The Golden Child  The Traveler on a Journey  Completionist,32614.04,28033,2472,864,3524,246,67062,04/09/2016,0.0,12/31/2021 07:48:17
55,Morgaln,Morgaln,Heroes Undaunted  Villains Thwarted  Challenge Completed  Classic Champion  Challenge Outmatched  Team-ups Terminated  Cold War  If I can't have them no one can,32588.0,49315,2098,383,2665,492,87289,02/04/2011,28853.7,12/08/2021 07:30:31
56,BigWitt187,BigWitt187,Born Diplomat  Blacksmith of Legends  Prince of Frost and Ice  Duke of Shadows and Gloom  A Drownie devotee  Eternal Hero  Knight of Thunder and Lightning  Conqueror,32270.77,43507,12315,1602,20905,313,177686,08/25/2010,21011.1,01/10/2022 22:20:56
57,Viper,Viper,Tracked Gold  Sitting Duck Gold  Riding Shotgun Platinum  Transport Hunter Gold  Camper Van  S&D Cool Under Pressure Gold  S&D Bomberman Gold  Sitting Duck Silver,31960.67,32986,4652,1084,6053,89,25394,09/12/2003,31264.4,10/21/2021 04:15:07
58,AngelKiller,AngelKiller,Guardian  Builder  Helpful  Adored  Finish the Secret Quest!  Finder  Dark Lord of the Hill  Savior,31939.61,29913,2016,1023,2045,32,7848,09/15/2012,51876.8,02/28/2021 09:31:18
59,Sqweeb,Sqweeb,Final Destination  Foster Fuji Snowfoux (Score 220)  A Spad Time  Between Light and Shadow  The Thieves of Srambad  The Idol Identity  Mission Impossible II  Are you Burdened?,31560.13,30009,2829,960,3007,315,79856,11/10/2010,31844.5,12/31/2021 10:27:47
60,BBANG SEUNG,BBANG SEUNG,Hospital of Pain  A Preacher's Demise  Shout n Spray!  Inner Frenzy  Anger Issues  Taking Sides  Quick Draw  Master of the Guild,31348.25,28740,4119,1172,4463,104,54251,04/21/2016,35608.4,04/07/2022 16:07:15
61,TastyGuava,TastyGuava,Legendary Fungiculture  Superior Fungiculture  High Fungiculture  Beginner Fungiculture  Seen it all  Titanium Man  Axis Deer  Rebellious Student,31197.39,31325,1293,936,1279,41,89137,12/20/2014,99107.3,03/07/2022 23:24:59
62,Deiru,Deiru,Tragical Card 62  Ready for real action  Dingbat's Doom  Tragical Card 35  Tragical Card 46  Tragical Card 28  Tragical Card 48  Tragical Card 218,31064.42,37737,11904,971,17789,319,69819,05/14/2010,24508.6,03/12/2021 18:15:12
63,Sophie,Sophie,Twenty for a Tiff  More Like Paths of Awesome  Five for Fighting  Ten for a Tussle  Fifteen for Feuding  Beholder Event  Hyper Focused  Even the Odds,30878.41,25435,2931,692,6612,62,18057,05/03/2016,29838.0,01/16/2022 08:12:25
64,Qiomoqq,Qiomoqq,Killer  45 Seconds Baby! Get in Line!  Campaign...er...zator  10 Packs Complete  Level 4  100 Puzzles Complete!  The Death Caller  The Cannibal Minister,30809.6,35711,4285,1426,5247,434,220832,03/16/2010,10247.6,02/04/2021 05:58:49
65,Dendy,Dendy,Dogfight Ace  Multiplayer Ace  Good Show  Cracking Good Show  Multiplayer Veteran  You are Extra Lunatic!  Fellow of the Order of Arcane Engineers  Invincible,30675.77,36144,2472,968,2803,568,284521,03/24/2018,0.0,03/10/2022 04:00:49
66,7_of_9,7_of_9,Dizzy O.o!  Conquering that Score  Record of Improvement  Zen Beast  Pure Zen  Destroyer  Life after 30.  Legendary catch: Golden Nase,30574.84,44281,1145,228,1038,67,22082,09/26/2010,24914.9,02/15/2021 09:20:07
67,[ ]ÊöóÈ≠ÇXame,[ ]ÊöóÈ≠ÇXame,Demi-god  Legendary  22 in 22:22  X-TREME Astro Admiral  Tough Astro Admiral  An Unexpected Journey  Fearless Dodger  100% Spell Progress,30416.02,28990,2441,972,3055,659,185056,06/07/2013,21779.4,03/07/2022 12:30:23
68,stuw23,stuw23,A Lesson in Classes  Icequake  Always Watching  And Your Enemies Closer  The Fall of Ythryn  Tough Acting  A Chilling Encounter  A Dragon Against Us,30364.02,44423,863,294,875,42,9119,09/17/2009,32552.4,12/08/2021 05:10:25
69,Ayo,Ayo,ChaCho Complete!  RADicalROACH: Infinity Complete!  Three Prongs of Trishula  Dance of Bliss and Destruction  Don‚Äôt blame it on the sunshine  Pretty fly for a cacti  Pipe dream  Currently Attractive,29608.8,31374,1763,1411,1235,42,13927,05/17/2016,14363.0,03/25/2022 16:33:39
70,strangenoise,strangenoise,Claustrophobia  White Dust  Freedom Hero  The Flying Zoo  Five Man Army  Helper  Peacemaker of Raisu  Vigilante of Eridani,29583.41,46986,4143,255,4780,145,22182,06/10/2011,30183.3,03/18/2022 10:05:01
71,nube,nube,DREAM TEAM  FIRST DIVISION  Gold Hunter  DEJA VU  Chatter Box Level 10  The Creator  Vehicular Homicide  Puttin' Down Crazies,29529.49,22712,1900,710,2868,408,95872,01/19/2016,266308.6,11/24/2021 15:33:12
72,FM.378,FM.378,Improvement  Skipping The Puzzle  Dedication  Mastery  Perfection  Botanist  Survival of the Fittest  Pacifist,29496.73,18775,4191,706,6169,900,310732,03/23/2013,10493.2,07/04/2021 04:57:37
73,A Ghost,A Ghost,Private profile,29463.46,24325,6151,742,5892,252,41534,,0.0,02/28/2021 10:39:15
74,The_Eruku,The_Eruku,"You are better than Mother Teresa  Crusher boss extermination  Spitter boss extermination  Well, it is useless...  You are saved!  You are dead!  Hero of humanity  Do you like to be a monster?",29171.65,27977,2927,937,3821,218,130873,08/08/2012,5584.8,11/22/2021 05:24:10
75,Manny Calavera,Manny Calavera,Complete (100%)  World Heal Master  Leave No Soldier Behind  Perfect Game  Lich King  Homogeneous  Kills  Endurance,28979.4,23864,1856,643,2266,189,31127,04/10/2008,8082.0,11/30/2021 06:28:52
76,Kay15,Kay15,Supreme Commander  Fleet Admiral  Fall Guy  Deep Impact  Vindicated  Persuaded  Mac Daddy'd  Vigilant,28884.73,19582,1757,709,2929,55,22631,04/18/2015,11325.0,11/09/2021 06:14:51
77,Demon_Dronny,Demon_Dronny,CAR vs. Car  Bloody Grinch  Gift Giver  Cloaker Charmer  New Year's Resolution  Lights out  Safety first  Bedwetter,28732.17,41002,5701,2391,6348,576,329418,07/14/2013,31786.4,02/23/2022 21:27:56
78,Akh Veldrin,Akh Veldrin,Dogfight - Diggers  Dogfight - Scarabs  We are Radio-Active  Final Broadcast  Sneak In  Dogfight - Stubs  Dogfight - Outsiders  The Warrior,28546.44,23894,829,791,611,15,3511,05/09/2011,2720.2,05/05/2022 23:22:38
79,HAKUBO‚òÖ38,HAKUBO‚òÖ38,Space Hero  ALMOST TOUCH MY EYE  EYE DON'T NEED YOUR HELP  EYE HAS RUN OUT OF PUNS  EYE-CEPTION  AN ARMY  CLOSE RANGE WIN  STARING CONTEST,28542.72,23787,3102,798,3526,827,255569,03/30/2012,11346.9,04/22/2022 03:06:01
80,tyrantton,tyrantton,Tracked Gold  Sitting Duck Gold  Riding Shotgun Platinum  Transport Hunter Gold  Camper Van  S&D Cool Under Pressure Gold  S&D Bomberman Gold  A Lesson in Classes,28536.98,43016,360,283,No games available,40,13262,12/24/2010,34125.2,03/07/2022 12:23:23
81,STRIX,STRIX,Master of Hunt  Master of Castle Battle  Master of the Iron Throne  Hunt Expert  God of blocks  Master of Team Deathmatch  Green is my colour  Castle Battle Expert,28416.12,25979,1834,830,2256,524,74872,06/15/2008,25532.7,10/28/2021 12:04:02
82,Neo,Neo,I drink your milkshake  A million shots  Ultimate Game Master  Survival Camp  Demigodlike  Win Stadium 20 times  Win Asteroid 5 times  Win Asteroid 20 times,28401.14,21031,1370,935,1821,116,66560,07/22/2013,12103.1,03/26/2022 09:57:38
83,private_pile,private_pile,Tragical Card 250  Tragical Card 111  Tragical Card 119  Tragical Card 133  Shadowfell Stalwarts  Challenge 62 Complete!  Kiosk Item Unlocked: Challenge 62  Birds of a Feather,28362.69,38249,9345,479,14389,2381,384537,07/16/2009,20039.7,03/06/2022 07:28:43
84,Enes,Enes,Unneshasshhary Kryl'ty (Exploration mode)  Unneshasshhary Kryl'ty (Redux) (Exploration mode)  Unneshasshhary Kryl'ty  Unneshasshhary Kryl'ty (Madness (Adventure) difficulty)  Unneshasshhary Kryl'ty (Madness (Roguelike) difficulty)  Unneshasshhary Kryl'ty (Redux) (Roguelike)  Unneshasshhary Kryl'ty (Redux) (Nightmare (Adventure) difficulty)  Unneshasshhary Kryl'ty (Redux) (Insane (Adventure) difficulty),28321.53,44121,624,162,600,663,352556,05/04/2005,6371.0,12/31/2021 07:29:24
85,Xeinok,Xeinok,The Sirens Sing of You  A Perfect World - Infiltration 1  Knowledge is Power 2  Vaingloriously Earned  World Fights Back - Assault 2  Worth the Salt  Spoils of War 1  Knowledge is Power 1,28318.88,29683,2082,1126,2060,92,15579,07/16/2006,33852.0,01/07/2022 01:24:55
86,trojan-spy,trojan-spy,Christmas 2021 Complete!  Unique Castle Complete!  Unique Face Complete!  Unique Horse Complete!  Unique Savanna Complete!  Unique Candy Hands Complete!  Unique Bird Complete!  Unique Salad Complete!,28151.94,45905,1482,371,1586,1197,281941,01/06/2015,15765.2,01/21/2022 07:19:25
87,grody_antagonic,grody_antagonic,"Bombardment  Deadeye  To the rescue  Path of light  Mazu  Purifier, Edge of the Wise  Treasure master  Howl",28102.57,30141,15043,439,14606,572,183900,08/08/2011,14872.1,03/04/2021 23:48:24
88,yukkin,yukkin,Tool-Unassisted  Life is But a Dream  They Have Arrived  Developer Access Only  Mindblowing Wonderful!  Spooky Hero  Quest expert  Robotic Ronin,28093.12,29764,4551,1625,5656,1719,917824,06/29/2010,10011.9,01/28/2021 14:50:57
89,Teddy FreiB√§r‚Ñ¢,Teddy FreiB√§r‚Ñ¢,"Severed into Shreds  Beholder, Aye!  Stand up Comedian  Quick Employer  Found Home  Eternal Hero  I love big black balls  Planted the Seed",27990.52,37857,18240,2343,30198,7675,3031124,12/09/2005,12454.9,09/19/2021 02:47:44
90,Thatoe,Thatoe,Zijin Shan  Bean there done that  ÈáëÈôµÈÄö  Employee of the Month  Matchmaker  Tim 2.0  Reunion Tour  Money to Burn,27863.76,33633,12368,1890,21179,60,20343,11/02/2009,39838.2,03/25/2022 17:28:02
91,TiGrOu42,TiGrOu42,Hoarder  Regift  Team Work  Long Droppie  Customary  Who Wants to take on the Champ?  On the Deep End  Bronze,27728.32,30658,7642,868,9925,288,91997,09/21/2004,42247.8,01/28/2021 06:54:12
92,Lloyd,Lloyd,"Total Annihilation  Key To Executive Washroom  Speed Demon  You Should See the Other Guy  The Middle Manager  Escape THIS!  Vim and Vigor  Missiles, Who Needs 'Em?",27661.78,24468,1089,823,1040,17,5307,02/08/2014,2953.4,02/15/2022 07:15:14
93,afx776,afx776,Sheeple Supreme  Sheeple Speedster  Sheeple Super Soldier  Sheeple Super Star  Sheeple Connoisseur  Sheeple QA  Sheeple Mixup  Sheeple Enthusiast,27653.33,29024,3563,864,5250,261,63572,04/01/2008,30324.2,03/31/2021 23:32:59
94,Rhythm,Rhythm,Le Chauffeur  Professional Struggle  Learned One  God of Immune Defence  Shadow Walker  True Treasure Hunter  The Lord of Time  Live Fuel,27636.54,23605,1260,808,1267,147,37922,01/21/2018,18256.4,05/04/2022 03:02:25
95,GENiEBEN,GENiEBEN,Kiosk Item Unlocked: Candy Hands  Kiosk Item Unlocked: Bird  Kiosk Item Unlocked: Horse  Kiosk Item Unlocked: Savanna  Kiosk Item Unlocked: Face  Kiosk Item Unlocked: Salad  Kiosk Item Unlocked: Fort  Kiosk Item Unlocked: Da Vinci,27583.22,32732,9327,2016,15234,463,127039,12/13/2008,58988.3,01/10/2022 22:17:19
96,Lollipop,Lollipop,ONE DAY for Ched 2  Ched's favorite level  I speak Ched's voice  A letter? I definitely wanna read it  Hard complete & Hardcore  Hard complete  Easy complete & Hardcore  Normal complete & Hardcore,27459.3,38329,5188,1887,5950,328,230168,05/22/2010,54098.4,03/15/2021 14:13:26
97,ADdiC7i0n,ADdiC7i0n,Learning to Run  Winning 1st Place  Above and Beyond.  Earn All Silver  Earn All Gold  Earn All Platinum  Broke the Bank!  Power of the Atom,27416.08,25032,5481,704,7738,190,69246,06/23/2011,0.0,08/05/2021 09:52:09
98,Sleeping Cat,Sleeping Cat,Captain  Sergeant  Bad Conduct  Butcher of Bakersfield  Terminator  Fat Cat  Captain of Rapture  Captain of Zubr,27402.2,21863,788,684,798,29,26906,03/31/2015,6270.3,11/27/2021 07:08:26
99,leeson,leeson,Queen of the Desert  Show Me Your Credentials 5  Waltzing Matilda  Brand New Wings 5  Tracked Gold  Sitting Duck Gold  Riding Shotgun Platinum  Transport Hunter Gold,27400.95,27147,3432,872,3453,359,87231,09/09/2012,24176.3,03/18/2020 02:42:51
100,Dimitri Chernyshev,Dimitri Chernyshev,Runnin' from the Devil  Perpetual Relief (Elite or Elite Plus)  Spore Busters  Legendary Armour  Legendary Axe  House Always Wins  Tutorial Completed  I Am Potato,27353.0,23763,1123,953,1190,18,13724,12/24/2014,6102.2,04/30/2022 15:38:00
101,_SAHAR_,_SAHAR_,Love Police  Steal My Heart  Adventurous Soul  A Case of Love  Heartsick  Chest Hoarder  The Collector  Scholar,27271.76,26449,703,631,309,51,40870,12/19/2016,3568.4,01/19/2022 04:38:22
102,Falla,Falla,"Few Casualties of War  Make Haste Slowly  Well Done is Quickly Done  Matters Quickly Executed  Forced Marches by Day and Night  Britannia Rule the Waves  No, I'm Spartacus!  He Who Perseveres, Conquers",27261.94,23100,867,683,717,69,24614,07/04/2011,5438.3,01/17/2022 19:35:45
103,Zlish,Zlish,Mc Monster  Trap master  Trash master  Trap expert  Chest expert  Caretaker apprentice  Caved In  Trash expert,27073.21,28023,2932,497,2790,218,104472,11/09/2010,20780.0,03/14/2021 07:22:50
104,.Rozalina,.Rozalina,Killzone  Road King Jack  Do not be arrogant  Big four hi  Burning the little universe  Flash off  The gaze in the shadow  Buzzing,26953.29,26003,978,714,914,161,41373,08/08/2016,180212.8,01/17/2022 10:43:19
105,The BMachine,The BMachine,The Laurel Crown  Endurance God  Not the bees!  I don't like pain.  Got gud  This is my final form...  Arcade Clear: Hard  Those Rascals...,26756.24,43667,1469,229,1618,12,16026,06/28/2013,25601.3,03/29/2022 14:20:34
106,A2L6E0X1,A2L6E0X1,Private profile,26649.61,24774,3061,1042,6622,225,111798,,32346.8,02/21/2022 12:41:14
107,LOGAN,LOGAN,"This is how the world ends: swallowed in fire, but not in darkness. (Exploration mode)  This is how the world ends: swallowed in fire, but not in darkness. (Nightmare (Adventure) difficulty)  This is how the world ends: swallowed in fire, but not in darkness. (Nightmare (Roguelike) difficulty)  This is how the world ends: swallowed in fire, but not in darkness. (Insane (Adventure) difficulty)  This is how the world ends: swallowed in fire, but not in darkness. (Insane (Roguelike) difficulty)  This is how the world ends: swallowed in fire, but not in darkness. (Madness (Roguelike) difficulty)  Last Instant of Sanity  Last Instant of Sanity (Nightmare (Adventure) difficulty)",26640.95,34920,1084,799,782,87,67056,05/28/2016,4354.7,01/28/2022 00:18:24
108,Fet,Fet,"Don't Bug Me With Your Issues!  Take Only What You Need  Ok, they work like flasks  The Heart of a True Warrior  It will cost your soul  Crappily Ever After  Truffle Shuffle  Explorers Club",26592.38,26361,1389,541,1891,194,105902,06/19/2006,14224.2,10/21/2021 05:29:10
109,Xzilar,Xzilar,Nightmare Tomb of Etheria  Sgt. MacReady  Patron Saint of Res  Trust No-one  Wave Surfer 16  Ghoul Getter 1000  The Warden of the Cliff  Cinemaphile,26574.57,24247,1778,825,2119,218,40708,10/20/2003,62916.9,07/10/2021 02:36:57
110,WarC0zes,WarC0zes,Where's my shield?  Slowly but surely  We're gonna need a bigger ship  1CC Hard  1CC Impossible  1LC Normal  1LC Hard  1LC Impossible,26535.58,20729,1549,562,1703,654,88668,06/27/2011,14046.6,12/20/2021 01:28:46
111,"Harg ""Orange""","Harg ""Orange""",Master of the YeCh'Ti'Wawa's Kennel  King of Crafters: Weapons Master  King of Crafters: Armorer  King of Crafters: Leather Dealer  King of Crafters: Tailor  Magmog: Supreme Bleeder  Master of the Horned Glacier  Milkar: Supreme Chaser,26525.79,27442,4399,427,6099,235,38948,03/12/2004,34566.7,05/01/2022 12:52:36
112,MisterXYZ,MisterXYZ,"No Mucks Given  Beat 20 Levels  Cash Money  Broad Street Bully  Keepin' It Cool  Mech Connoisseur  It's Me, Austin!  Can't Touch This",26378.47,25396,9478,1115,17561,98,37165,11/11/2007,11776.7,07/10/2021 03:02:20
113,Valetian,Valetian,Private profile,26139.73,19314,913,579,954,72,33191,,36736.1,03/29/2022 07:25:28
114,Sterbehilfe e.V.,Sterbehilfe e.V.,Big Spender 9  Big Spender 10  Voice of Inspiration 5  Research and Development 5  Spoils of War 4  Spoils of War 5  Research and Development 4  World Fights Back - Blockade 4,26076.44,24099,1030,767,747,556,297711,01/11/2006,39242.5,10/21/2021 03:13:24
115,el_georgio,el_georgio,"Things Won Are Done; Joy's Soul Lies In The Doing  He That Dies Pays All Debts  He That Will Have A Cake Out Of The Wheat, Must Tarry The Grinding  Shuffled Off This Mortal Coil  I Can Get No Remedy Against This Consumption Of The Purse  Twice-Told Tale  An Infinite Deal Of Nothing  Few Casualties of War",25729.94,21862,3908,837,7023,383,96660,06/04/2014,0.0,02/24/2022 14:20:06
116,rogut3 [PL],rogut3 [PL],"Tracked Gold  Sitting Duck Gold  Skorpions Sting  Little Pig, Little Pig, Let Me in!  Riding Shotgun Platinum  Transport Hunter Gold  S&D Cool Under Pressure Gold  M1 Expert",25725.42,24850,1996,638,2073,195,37436,03/12/2009,31573.7,03/02/2021 11:19:59
117,Therzuzada,Therzuzada,Servant of the Shadows  In the Light  Renowned  Hood Genocider  Why'd It Have To Be Snakes?  You're The Best!  Notches in the Axe  I Love Fishing,25714.17,25420,2407,1143,2684,86,15252,06/26/2011,33310.7,10/28/2021 15:05:31
118,Capo,Capo,Witnessed The Bad Times  You're Getting The Hang Of It  This Is A Co-op Game But You're Winning  Makin' The Dream Work  Share Victory. Share Defeat.  You Almost Won!  Group Headache  42 is the answer,25399.34,28233,3258,1285,3598,80,69977,10/24/2011,13287.6,04/24/2021 17:49:32
119,Gobaku,Gobaku,Boss P Pulverized  Fapjack Flopped Out  Gorilla Gripped  Sticker Head  Get Fired! Severance Check Get!  Go Platinum  Secret Achievement  Shop-A-Holic,25393.95,20280,1236,639,1217,286,35606,03/18/2011,5775.9,01/03/2022 12:45:15
120,R e v y Ëôé,R e v y Ëôé,CAR vs. Car  Bloody Grinch  Halfway There  Many More to Come  Mastermind  With a Little Help from my Friends  We shall never Surrender!  Gift Giver,25362.52,24815,983,840,788,385,237642,12/24/2013,15034.5,03/12/2022 12:27:56
121,Chaos Ripper,Chaos Ripper,A Hive of Scum & Villany  Manipulative  Out of a Job  The Rector's Promotion  Most Wealthy  Hyper combo  Belhalhar's Butcher  Reigning Champion,25301.52,27038,2504,1073,2946,557,96274,06/20/2011,16290.0,03/13/2021 19:03:37
122,Misty rain,Misty rain,"Arid Finale  Lock, Stock And Barrel  Taking Sides  Quick Draw  Master of the Guild  Twilight Dreaming  No Country for an Old Man  The Littlest Aviator",25255.41,24553,860,722,741,102,50298,06/12/2015,30540.2,01/17/2022 01:23:22
123,AGONIA,AGONIA,"Let them suffer  Grinder Supreme  Body Builder  Real Divekicker  Desensitization  Veni, vidi, vici  Razed to the ground  Some Room Left in Hell",25197.48,25341,3899,857,8357,26,8057,12/11/2012,18153.2,07/25/2021 04:38:41
124,Crowxar,Crowxar,The Daily Reid  Plumber's Apprentice  Three Prongs of Trishula  Dance of Bliss and Destruction  Don‚Äôt blame it on the sunshine  Pretty fly for a cacti  Pipe dream  Currently Attractive,25188.61,21728,772,681,589,11,5764,03/01/2012,5189.8,03/19/2022 04:43:43
125,Formidolosus,Formidolosus,"Killing Spree  Warrior Trials  Yondu  Pacifist  Colorful  Seriously, Warrior?  Persistence  Explorer",25172.0,23215,2849,736,3336,55,14094,10/11/2011,23865.6,11/02/2021 21:34:42
126,Nightwasp,Nightwasp,...Sonic?  Castle Battle Expert  King Killer  Hunt Rookie  Castle Battle Rookie  $89  John Ramblock  Practice makes perfect,25123.53,25019,5354,735,6369,220,57482,08/12/2011,26780.4,02/20/2021 15:14:12
127,Devikra,Devikra,Protect the Homeland 4  One of the Days 4  Hook and the Jolly Crew  Protect the Homeland 3  One of the Days 4  Wayfaring Vagabond  Three Prongs of Trishula  Dance of Bliss and Destruction,25033.22,26946,4730,958,6194,144,67911,05/29/2011,32667.5,04/04/2022 13:09:32
128,*,*,Hawker  Huckster  Courageous  Vendor  Representative  Capitalist  Adversary  Clerk,24999.24,38574,3940,165,5525,89,30871,10/11/2013,30596.8,12/15/2021 21:42:42
129,AmirGaris,AmirGaris,Beat the Creator  Killing Spree  Warrior Trials  Yondu  Pacifist  Shepherd  Persistence  Explorer,24831.14,24739,3371,794,4744,648,276986,06/26/2012,23892.6,10/21/2021 04:14:50
130,Sommelier do Final Fantasy,Sommelier do Final Fantasy,World Heal Master  Leave No Soldier Behind  Perfect Game  Lich King  Homogeneous  Never Give up  Lich Prince  Lich Lord,24811.96,20362,2599,744,No games available,231,103433,06/09/2011,748761.7,01/31/2022 13:11:43
131,Nobody The Despondent,Nobody The Despondent,"Legendary MechCommander  The Complete Record  Grizzled Vet  MechDominator  Disgraced Hardcore  A Legendary Mercenary  Legendary Explorer  Ooooh, Look At Mr. Responsible Over Here",24797.49,21258,772,634,868,74,23105,04/03/2012,10732.6,03/23/2021 21:15:12
132,Tug,Tug,Fire Master  Life seed  Killer  Fury Electric  Demonic Fury  GODSENDS  Oldschool  CAR vs. Car,24775.4,22946,1584,503,1687,204,79027,04/23/2017,0.0,01/27/2022 15:38:43
133,Howl at the Moon,Howl at the Moon,Tragical Card 84  Tragical Card 98  Unique Teddy Complete!  Unique Nap Time Complete!  Unique Merry Christmas Complete!  Unique Take A Drink Complete!  Unique Pets Complete!  Unique Unwrapping Complete!,24739.29,31547,4991,617,6324,298,88260,11/10/2009,15801.9,01/13/2022 07:38:15
134,tautology,tautology,Black Belt Grandmaster  Through Dangers Untold  Bullet Rodeo  Phenomenally Slim Chance  Why Would I Ever Stop Doing This?  Single-Handed  Black Belt  1CC,24675.6,24451,2136,705,2489,37,8485,12/27/2004,0.0,02/22/2021 11:53:02
135,–ë–µ–Ω–¥–µ—Ä,–ë–µ–Ω–¥–µ—Ä,Impressive Collection  Hiscore Hero  Determined Challenger  LIKE A BOSS  Sector2 Professional  Bring'em on!  Sector1 Professional  Time Limit Maximizer,24614.91,28479,4043,549,6146,2819,745594,03/23/2009,18625.5,04/25/2022 01:47:38
136,Rhy,Rhy,Boss P Pulverized  Fapjack Flopped Out  Gorilla Gripped  Sticker Head  Get Fired! Severance Check Get!  Go Platinum  Complete (100%)  Shop-A-Holic,24574.77,22282,5727,914,5619,289,251076,04/26/2008,30815.8,12/10/2019 07:23:07
137,dodo,dodo,Victory (easy)  Victory (normal)  Victory (hard)  Great Reserves  leisure time  Builder (bronze)  Builder (silver)  Architect (gold),24447.34,23098,1037,829,965,30,32382,09/18/2003,19474.8,04/09/2022 10:22:00
138,prann,prann,Italo-German Campaign Medal  Rat of Tobruk  Africa Star  Motorbroke  Sunstroke  Queen of the Desert  Infantry Assault Badge  Waltzing Matilda,24420.1,22348,13343,1205,19947,64,76283,11/28/2007,13445.8,03/22/2022 04:41:34
139,Epsilon09,Epsilon09,"Skorpiowned  Health Addict  Kung Flu Fighting  Head Trauma  Streaker  Gang Banger  Arid Finale  Lock, Stock And Barrel",24374.93,24795,4731,649,5871,266,195699,03/22/2010,14813.5,12/26/2021 22:47:36
140,Easy Target,Easy Target,"Boss - The Conjurer  Heroic Hallitorium Hero of Heroes  Herculean Hallitorium Hero of Heroes  Hands-down the Handsomest, Hardworking, Honorborn Hallitorium Hero of Heroes  Mini Boss - Little Hands  Die Hard 250  The Grand Undier 1000  You Mad Bro?",24372.3,23811,3474,740,3410,337,69627,12/21/2009,47519.6,11/21/2019 14:05:09
141,shep7000,shep7000,The Feel...  The Lockpick  Ghost Whisperer  All the Toys  Knowledge is Damnation  Crawford's Disciple  Human Phalanx  Bullseye!,24339.06,20623,3265,963,4730,900,141923,05/05/2014,14185.2,01/11/2022 00:41:14
142,Shook50,Shook50,Brand New Wings 5  Brand New Wings 5  All The Ways to Kill 3  Elven Ragnarok  Octopus killer  All The Ways to Kill 5  Elven Ragnarok  Headhunter,24337.4,33698,3221,328,3723,154,59090,11/03/2013,122413.9,12/19/2021 10:20:20
143,Guicools,Guicools,Explorer  Conqueror  Vanquisher  On My Command  Magic Powered  Novice Jeweller  Treasure Hunter  High Roller,24316.03,22393,1402,746,1503,1098,534610,06/28/2016,8579.1,01/11/2022 09:40:45
144,sfnhltb,sfnhltb,"Elementary, My Dear Watson!  PvP High  Billy The Kid  U2  Queen of the Seas  Don't Gank Me Bro  Clover Axis  Mare Regnum",24290.72,31301,3687,501,3578,1783,896030,11/29/2004,118841.5,01/19/2020 01:23:12
145,TurtleBoi,TurtleBoi,Your Legion  Svandia Superstar  Bad Beat  Golden Wheels  RPG Hero  Ba-Da-Boom!  Hecatomb  Badge Rank 10,24273.49,25171,3502,945,4162,388,66770,10/31/2012,13765.6,01/29/2021 00:16:05
146,Girlbeard,Girlbeard,Eerie Chest  Expert Treasure Hauler  You Must Like This Game  True Ultimate Warrior  Silver Ghost Brig  Spectator  Expert Distiller  The Middle Manager,24245.76,22448,1116,794,1452,437,123785,04/24/2013,40733.8,12/27/2021 16:48:39
147,Idiosyncrazy,Idiosyncrazy,The Birds  Twilight Twist  First Third Out  Servants of the Demon Prince  Uncommon Allies  Downfall  Shadowfell Stalwarts  Birds of a Feather,24171.02,27191,8658,1165,10942,881,578728,07/13/2012,30064.7,02/23/2022 23:10:21
148,Brian Basco,Brian Basco,RADicalROACH: Infinity Complete!  Healthiest of All  Persuasion Is Easy  Kiosk Item Unlocked: Challenge 63  Challenge 63 Complete!  Christmas 2021 Complete!  Challenge 62 Complete!  Kiosk Item Unlocked: Challenge 62,24122.75,26367,5906,635,8771,2844,456826,05/25/2010,0.0,03/06/2022 09:43:40
149,Verbal Melee,Verbal Melee,"Waste Not, Want Not  Pay 2 Win  Gotta Collect 'Em All  Cowboy?  No Service  MIGHTY THIRSTY  Urban Nightmare  One Free Bullet",24107.55,20912,643,545,494,150,42049,04/08/2007,4026.7,02/04/2022 19:19:18
150,Mytharox,Mytharox,Into The Vortex  Explorer  Blues Brothers  Last Midnight Million Points  Prelude to Insanity  Last Insane Midnight  Conquest 120 Gold  Conquest Completed!,24062.62,23684,3367,352,5117,258,55016,08/07/2008,119102.2,12/22/2021 07:47:17
151,Mudrik,Mudrik,Mystery's Afoot!  Midori Conquered  Oasis Conquered  Paradise Conquered  Prism Conquered  Money Addict  Event Horizon Conquered  Khromidro Conquered,24043.82,35955,1573,125,2222,73,50721,05/18/2010,24752.1,04/26/2022 02:46:41
152,Katvala,Katvala,"Win 500 Sit and Go‚Äôs  Win 100,000 Video Poker Hands  Be Our Guest  Hero  Play 10,000 Blackjack Hands  Play 10,000 Roulette Rounds  Win Video Poker Jackpot  Ultimate Warrior",24033.92,41477,628,89,610,23,54106,01/27/2013,34865.6,03/28/2021 04:45:32
153,birinights,birinights,"So long, game.  Matt  I don't know whats going on  10 Games Played  Excellent friend  Barrel Rider  Drunken Master  Having a blast",23977.68,22117,2884,870,4741,531,74550,11/02/2010,0.0,12/19/2021 10:20:23
154,Faust,Faust,Halloween  Level 3 complete  Level 6 complete  Level 7 complete  Level 9 complete  Level 10 complete  Fast as light  True Ultimate Warrior,23977.21,19023,4222,993,6151,1229,231635,07/17/2004,202861.4,04/13/2021 19:37:56
155,babo wagen,babo wagen,Developer X is pleased  NEEEEEEEEEEEERRRRRRRRD!!!!!!!  Ice Breaker  >BOROS  Ninth Inning  Kunio-Kun  Octoboss  Big Boss,23961.29,18935,1021,626,1338,313,67752,06/01/2015,24708.6,10/22/2021 06:40:18
156,Jamez Gamez,Jamez Gamez,Hacker  Cube  Cliffhanger  Teaser  A Long Way  The Perfect Drop  Face Your Fear  Perfect timing,23931.99,26309,1249,383,1505,1559,904762,03/29/2016,0.0,12/18/2021 20:25:12
157,neillin77777,neillin77777,Endless master  Endless masters  Its all gold now  Endless millionaire  Endless super millionaire  Puzzle master  Puzzle genius  Puzzle marvel,23904.55,21515,8050,797,15205,33,29717,05/16/2015,16452.0,11/04/2021 11:48:45
158,CSX,CSX,Show Me Your Credentials 3  Chaladonian Grandmaster 1  Brand New Wings 2  Vigilance  Lying Low  Undying  Flame Out  Suckerpunch,23879.88,23212,4061,210,5626,358,55512,09/12/2003,26442.7,04/17/2022 14:52:23
159,BillGreen,BillGreen,Silky Mitts  Master Tactician  Ready for the Show  Superstitious  It's Getting Crowded in Here  Hot Potato  Bell Ringer  Pinball Wizard,23801.06,19929,1251,748,1571,317,124958,07/04/2017,18255.6,01/03/2022 12:40:51
160,Valtherina,Valtherina,Dr. Salk  Gasso Fanatic  Master of Hunt  Grand Theft Auto  Delivery Boy  TATSRAVE  Unique Fort Complete!  Unique Da Vinci Complete!,23767.52,25415,3214,1008,4081,154,64613,11/06/2014,12208.7,02/23/2022 21:26:48
161,pewP3W | [JK],pewP3W | [JK],Tracked Gold  Sitting Duck Gold  Riding Shotgun Platinum  Transport Hunter Gold  Beyond the Sea  A New Day  Melon Felon  Rockstar!,23664.16,24216,9755,1180,16858,60,24069,12/17/2008,35835.2,03/25/2022 17:25:58
162,Icey,Icey,No Feat Too Great  Where No One Has Gone Before  Not On My Watch  He That Dies Pays All Debts  Barrely Victorious  Self-Destruct Mutton  Redeemer  Kooky Cookies,23552.65,22698,1167,812,896,520,211546,08/14/2019,0.0,01/31/2022 18:13:04
163,THG-303,THG-303,Italo-German Campaign Medal  Rat of Tobruk  Africa Star  Motorbroke  Sunstroke  Queen of the Desert  Infantry Assault Badge  Waltzing Matilda,23546.65,33848,1112,488,1181,44,14173,09/07/2007,48351.4,03/04/2022 05:23:51
164,Lirtis,Lirtis,Blood Anniversary Pt I  Dungeon Of Eyden Complete!  Ancient relics  Whistlers Mother Complete!  Ancient relics  Lords of Darkness!  Shasshhiy'Kaish (Roguelike)  Elektra,23529.73,40849,942,72,944,18,3876,11/14/2010,12058.7,01/11/2022 02:20:47
165,Capndrake,Capndrake,Special Level: Destroyed!  Gotta' go fast!  You're the Boss now!  Are you prepared to die?  Slime-san Master!  Special Level: Crushed!  World 4 Champion!  Slime-san Champion!,23484.5,22753,2132,641,2743,229,79151,12/19/2007,20355.8,03/20/2022 06:53:53
166,Dibbleton,Dibbleton,"Speed Demon  You Should See the Other Guy  Escape THIS!  BurningX  Missiles, Who Needs 'Em?  Sun's out, guns out.  Aquatic Abomination  Mission Impossible",23445.71,22323,1620,223,1863,99,15030,05/11/2010,0.0,03/15/2021 13:23:06
167,BenDeis,BenDeis,There's Always Time  Jack of All Trades  Micro Master  I am Kind of a Big Deal  Love It When a Plan Comes Together  Experience Is Everything  From the Outer Darkness  The Abyss is Hungry,23438.94,25409,1000,872,991,1478,994158,09/10/2017,482295.6,03/07/2021 14:19:29
168,üêº„Éá„Éº„Éà „Ç¢ „É©„Ç§„Éñüê®,üêº„Éá„Éº„Éà „Ç¢ „É©„Ç§„Éñüê®,Perfectionist  Young Money Millionaire  Conquistador  Red Faction Guerrilla Re-Mars-tered  Push It To The Limit  Combination Sensation  The Puzzler  Eat More Calamari,23436.91,20250,909,734,848,125,39965,02/02/2019,855.6,01/09/2022 14:27:10
169,adeyke,adeyke,Brutal Mutator  Ghostbusters!  Diplomacy Is Overrated  Erratic Command  I Hate Camping!  Viva La Revolution  Don't Open That Door  Wheel of Misfortune,23415.03,23333,7370,701,10960,393,62632,02/13/2007,159767.8,08/13/2021 12:09:55
170,‚ôç‚ôç‚ôì,‚ôç‚ôç‚ôì,Speed demon  What's wrong with you?  'Tis but a scratch  Russian Engineering  The Last Barman  Praise the lord  MISSION KING  MISSION GOD,23390.08,17019,1799,738,2528,1503,863028,05/27/2013,36190.1,02/23/2021 19:05:43
171,Vance Finiraldi,Vance Finiraldi,"Overruled!  Conqueror  Two Weeks  Funded!  Still ""Alive""  By the Scruff of Their Necks  Foreshadowing and Cymbalism  Survival Serenity",23386.3,25621,1638,882,1685,639,173185,12/20/2011,26800.6,08/06/2021 23:28:35
172,mac420,mac420,Eruption  SPACE WINGMAN  HYPER LIGHT DRIVER  VERSATILE PILOT  RACE-A-THON  Spy Net  Master  No Barrel Unbroken,23202.45,20183,3778,155,5290,7,5242,11/30/2007,8977.3,02/26/2021 21:37:03
173,Matisse,Matisse,Finally  Lord of the Runes  A Friend to All Creatures  0x1337  Bah Ram You!  Industry Standard  1001100110111  Pretty in Pink,23177.52,17957,660,502,671,33,12532,12/01/2013,6124.1,01/15/2022 19:07:00
174,MidasTouch,MidasTouch,"Dungeons closed!  Someone ate too much sugar!  Feeding time!  From rags to riches!  Wow, the white tooth?  It stinks!  Limit break!  Huge power!",23138.27,17147,735,462,955,177,33541,06/01/2013,8802.6,01/15/2022 05:46:00
175,Lavatein,Lavatein,"Spire Battle Mastery  PTT Scorer Pro  The Union  Retro Game Master  Yee-haw!  Pudisnext Mastery  Obsessive Completist  Slow Down, Sonny!",23134.4,24134,3660,505,4391,156,45378,02/28/2008,35942.7,12/16/2021 14:41:53
176,proudlarry,proudlarry,Italo-German Campaign Medal  Rat of Tobruk  Africa Star  Motorbroke  Queen of the Desert  Waltzing Matilda  Tracked Gold  Sitting Duck Gold,23099.72,22559,3830,777,5248,273,68411,12/26/2007,47017.1,11/28/2021 04:58:07
177,LightBulb,LightBulb,Zarak's Revenge  Thoughts on the Menu  I'm Sure I Saw It Move!  Undergeared  The Alien Underdark  Slack-jawed Lorna  The Fairy Rings of Thither  The Dark Heart,23062.78,29198,1073,395,1148,62,30730,11/15/2004,70601.0,04/05/2022 12:09:40
178,Frisky_Katana,Frisky_Katana,"True Ultimate Warrior  5. Boom! Problem Solved  Master Upgrader  HR Director  Adventure Mode completed  Tally Mode completed  4. Well, I Guess That Would Do It  5. I Have A Bad Feeling About This",23036.83,23735,4548,970,6067,168,36398,09/22/2007,16316.1,04/07/2022 14:29:01
179,FunkeymonkeyTTR,FunkeymonkeyTTR,Legend  Ironman  The Rock  Pumping Iron  Kiosk Item Unlocked: Bird  Kiosk Item Unlocked: Horse  Kiosk Item Unlocked: Savanna  Kiosk Item Unlocked: Face,22973.2,23538,11055,1056,19681,6731,1616324,09/12/2015,41877.1,12/26/2021 19:51:49
180,TheBrig,TheBrig,Create a Super Floor Trap...  Saiyan Roach  KILLING SPREE  LIKE LAMBS TO THE SLAUGHTER  Survivor Roach  A LITTLE HACK AND SLASH  THE BIG TEN  SPITFIRE,22860.96,39237,1122,449,1129,134,33144,12/20/2013,13198.7,02/19/2022 21:49:51
181,Parallel Platypus,Parallel Platypus,"Sheeple Apologist  Ooooh, Look At Mr. Responsible Over Here  Mech Connoisseur  It's Me, Austin!  Can't Touch This  Breaking the Ice  It's All in the Mind  Almost there!",22850.73,22157,4425,798,5505,217,30613,01/27/2009,17301.6,05/08/2021 00:34:02
182,Zmiiju,Zmiiju,Legendary MechCommander  Grizzled Vet  MechDominator  Seasoned MechWarrior  Champion of the Arena  Champion in the Making  Getting the Hang of It  Master of Multiwinia,22830.42,23684,1019,646,1011,149,86016,12/16/2012,31622.7,04/28/2021 19:56:21
183,„ÄåUPRPRC„ÄçÂÑ™ÊõáËèØÈô¢,„ÄåUPRPRC„ÄçÂÑ™ÊõáËèØÈô¢,Legend  Good Soul  Philantropist  Saint  Counterblow  Saboteur  Usual Suspect  Rebellious Student,22755.75,23628,1749,745,2020,189,129836,11/08/2016,8396.9,01/16/2022 08:41:44
184,Chris Fifty-Two,Chris Fifty-Two,Sgt. MacReady  Patron Saint of Res  Trust No-one  Doppelpopolis  It came from...behind  Rifles Only  Super Portal Rush  The Last Straw,22597.2,24123,2716,722,3121,162,27553,10/07/2004,20037.9,11/28/2021 04:57:58
185,PhantonGualteri√ò,PhantonGualteri√ò,Perfect Path X 30  Perfect Path X 40  Paths Perfected  Frequent Flyer  Thread The Needle  Good Listener  NOAA  Perfect Path X 20,22596.2,17416,921,625,1314,225,58754,12/13/2014,16536.5,01/31/2022 16:51:04
186,Batprince,Batprince,Racing Up  Ain‚Äôt Afraid of No Ghost  Eternal Starshine  Diva  You did it!  Crowd Control  Mega Mismanaged  Smashy Smashy,22590.61,29147,18831,1864,32429,878,214302,12/31/2013,39524.2,01/27/2021 21:52:11
187,Jami,Jami,Suited Up  Harbourmaster  Don't Gank Me Bro  Curse Be Gone  Never Gonna Give You Up  Vengeance  Player Killer  Victorious,22586.56,24172,12182,565,18087,556,86664,05/12/2010,13160.4,03/22/2022 02:47:42
188,Kennel,Kennel,Challenge 65 Complete!  Kiosk Item Unlocked: Challenge 65  Challenge 64 Complete!  Kiosk Item Unlocked: Challenge 64  RADicalROACH: Infinity Complete!  Kiosk Item Unlocked: Challenge 63  Challenge 63 Complete!  Christmas 2021 Complete!,22573.69,22613,1519,192,1784,55,10839,10/18/2007,0.0,05/02/2022 12:21:09
189,barondeghost,barondeghost,Guardian  Builder  Helpful  Adored  Finish the Secret Quest!  Finder  Savior  Deadswitch 3 Complete!,22553.5,29158,4534,1531,5000,402,80620,11/14/2011,32780.4,11/01/2021 00:28:22
190,Camper-Hunter,Camper-Hunter,"This used to be a nice neighborhood!  This isn't what I signed up for  Night Duty  Boomstick From Hell  Angry Baby  It wasn't an illness  No Gasmask, No Problem  Knee Deep in the Zed",22531.2,23134,5900,1023,7473,104,36752,05/12/2010,26684.0,03/19/2022 16:47:32
191,AuburnRDM,AuburnRDM,Brown Bomber  Nonstop Rudeness  Ursine God  Absolutely Flowless  Pit Marauder  Artificial Bear  Undercooked  Extreme Ironing,22513.2,21126,5402,812,7911,234,106688,12/30/2010,10551.7,12/20/2021 01:31:47
192,gbm1cho,gbm1cho,"Skulls for the Skull Throne  BSOD  Blood for the Blood God  BSOD  Bragging Rights  Just what do you think you're doing, Dave?  Great!  Skulls for the Skull Throne",22467.74,16303,3765,415,8657,23,10375,02/23/2013,3940.5,01/26/2022 09:20:56
193,RazLog,RazLog,"Badge Rank 10  Badge Rank 9  5. Boom! Problem Solved  All Seasons  Badge Rank 8  4. Well, I Guess That Would Do It  5. I Have A Bad Feeling About This  Badge Rank 7",22374.31,20415,988,692,858,35,32611,06/17/2015,10583.7,04/09/2022 05:12:05
194,Breakfast,Breakfast,Order of the Garter  Victoria Cross  Sgt. MacReady  Patron Saint of Res  Trust No-one  You are Tiny.  Radars Won The Battle  The Lone Wolf,22215.29,18411,672,475,767,38,22823,09/20/2012,4644.1,11/14/2021 23:57:18
195,Gingergal,Gingergal,Spring Chick Complete!  ChaCho Complete!  Kiosk Item Unlocked: Challenge 63  Challenge 63 Complete!  Christmas 2021 Complete!  Unique Bird Complete!  Challenge 62 Complete!  Kiosk Item Unlocked: Challenge 62,22126.03,25530,2067,1341,2335,604,299244,12/08/2010,10349.0,03/29/2022 14:25:30
196,a_nevels666,a_nevels666,Escape THIS!  Data Miner  Cruise Controlled  Quadruple Whammy 2X  Eagle Meister  Way of the Immortal Fist  Inter Caecos Regnat Strabo  Background Reading,22080.8,22166,1307,469,1601,95,26990,11/15/2004,21532.2,04/02/2021 03:36:01
197,P'TrickZ,P'TrickZ,Good Neighbor  Harder than Diamond  Harder than Quartz  The Secret  Ludicrousity  Sympathy for the Devil  Satan Slayer  Hell and Back,22040.64,21748,7503,830,7432,1182,211816,06/10/2009,32837.1,03/20/2021 03:16:38
198,AbseilDagron,AbseilDagron,Veteran Galaxy Hopper  Master of Polearms  Dr. Sleepless  Infinite x400 (Insane (Adventure) difficulty)  Infinite x500 (Roguelike)  Spawning space legs  Shipyard Guru  Junkyard Central,22024.56,21153,2078,397,2432,43,10083,06/19/2005,73316.8,08/17/2019 16:33:37
199,Ghado,Ghado,Critical Hit  The Skill Master  The Great Explorer  Stones No. 3  Win a Battle - Japanese Army  Japanese Army Ace Pilot (5 Victories)  The Spirit Master  Star Studded Career,21937.17,39340,491,95,500,77,27463,10/21/2007,10362.3,10/10/2020 03:41:14
200,Izaiah,Izaiah,"Collector VI  Let's Block It Out  League Hall of Hard Knocks: The One Who Waits: Batman Who Laughs  Collector IV  Collector V  Construct Combustion  Arid Finale  Lock, Stock And Barrel",21902.57,24775,804,737,407,48,19163,01/22/2018,1102.1,01/30/2022 17:23:19
201,Twistor,Twistor,Drops of Blood  Drops of Blood  Seraphim army  Fledgling  Mastodon army  Lycanthrope army  Blazewing army  Blazewing army,21846.21,27625,11858,330,14854,167,88346,09/06/2008,79622.3,11/09/2021 20:28:01
202,Danych,Danych,"Boomstick From Hell  Angry Baby  It wasn't an illness  No Gasmask, No Problem  Knee Deep in the Zed  Killing the killer  Sweet Revenge  ADS? What's that?",21784.46,21893,2488,506,3055,143,41275,04/12/2008,20468.6,11/14/2021 04:59:23
203,iblis,iblis,Wild Wild Plant Master  Angler Extraordinaire  Expert Herbalist  Wild Wild Plant Hoarder  Rumored Fisherman  Capsule Hero  The Time Machine  You Gotta Run,21776.74,26067,4591,715,5498,659,109377,12/27/2012,12886.2,04/01/2022 06:49:51
204,AlexTh,AlexTh,Order of the Garter  Victoria Cross  For the Motherland  Commies are out  Radars Won The Battle  Statistics  Cannon Fodder  Battle of Britain,21755.64,23937,1288,920,1097,331,101618,03/03/2009,22368.3,07/10/2021 02:36:46
205,Pumba,Pumba,"End of the world (Freightmover Montana)  End of the world (Jack Pineapple)  End of the world (Pitawild 680)  End of the world (Benwood T770)  Workaholic (Jack Pineapple)  Tough luck, chum!  Call of the Void  Deadmouth sheds",21738.84,20814,813,618,782,134,120628,08/23/2013,0.0,02/09/2022 15:48:35
206,Turbiii,Turbiii,"Meteorite Conqueror  Secret 33 found  A Work Of Art  All You Can Eat  What Are Ya Buyin', Stranger?  Defense Turtle  Kubi Rule  The Merciful",21679.54,31899,1753,526,1724,158,86120,01/01/2013,60246.7,10/24/2021 14:18:01
207,KhiLaDi,KhiLaDi,"We Never Actually Tested This  You Can Do It, In Theory  Reaper  One man army  Golden God  Fatal Heiress  But They're Harmless!  God Mode",21671.47,19960,1634,743,2195,163,87233,10/27/2012,14678.8,12/24/2021 18:39:16
208,Sir Alex,Sir Alex,RADicalROACH: Infinity Complete!  Kiosk Item Unlocked: Challenge 63  Challenge 63 Complete!  CAR vs. Car  Christmas 2021 Complete!  Unique Castle Complete!  Unique Face Complete!  Unique Horse Complete!,21664.3,21531,1207,847,984,656,418858,02/03/2012,54606.3,03/23/2022 18:44:51
209,Kaese,Kaese,Chip on Your Shoulder  Genocide  Guardian  Pawn Shop  Exterminator  Arcade Master  Stealthy  Big Saver,21644.02,23987,1993,396,2518,744,112605,03/14/2006,58218.0,10/21/2021 05:29:56
210,ReX‚Ñ¢¬©,ReX‚Ñ¢¬©,PILFERER!  SNEAK THIEF!  Conductor Level 5  Untouchable  Completionist  100% Innocent  Conductor Level 4  Precision Perfect,21613.46,17041,911,654,930,77,15186,04/27/2015,4687.1,11/21/2021 10:49:18
211,tomo1034405252508mago,tomo1034405252508mago,Exterminator  Tough Man  Insult to Injury  Swill swinging!  The People's Army  Heart of the Cards  Warrior  Level 50,21569.62,21218,5857,1099,8210,323,51873,07/13/2015,18569.1,05/08/2021 02:54:38
212,gthegame981,gthegame981,"Collector VI  Collector IV  Collector V  Legendary Fungiculture  Collector III  Arid Finale  Lock, Stock And Barrel  Christmas 2021 Complete!",21556.73,23502,999,750,692,12,4453,04/13/2021,7928.6,02/25/2022 12:32:49
213,horheristo,horheristo,Brown Bomber  Nonstop Rudeness  Ursine God  Pit Marauder  Artificial Bear  Undercooked  Extreme Ironing  Shadow Walker,21487.28,18452,1872,529,2185,87,18718,03/30/2011,12357.9,07/14/2021 09:29:50
214,CottonCandyBullets,CottonCandyBullets,"Barrely Victorious  Self-Destruct Mutton  Redeemer  Kooky Cookies  Arid Finale  Lock, Stock And Barrel  Crate Master  Honorary Benson",21438.67,18696,650,583,510,72,32882,07/29/2020,86203.4,12/30/2021 17:38:59
215,torgi,torgi,Virtuous Autocrat  Show Me Your Credentials 1  Virtuous Autocrat  Unique Castle Complete!  Unique Face Complete!  Unique Horse Complete!  Unique Savanna Complete!  Unique Bird Complete!,21338.39,21073,10635,935,19662,2446,832817,08/30/2008,17981.3,12/22/2021 04:50:23
216,Hircine,Hircine,Chapter III - Alice  Chapter II - Alice  Impersonator  The Blue Caterpillar  Elitist  Russian Roulette  Eye for an Eye  Nagrun,21300.93,24827,9667,1074,14399,919,163609,11/16/2003,19129.6,09/18/2021 02:16:09
217,Ablmeo,Ablmeo,Army of Darkness  And our tractors are fast  Without brakes  I wish good health  The Three Wizard  What a dynamic!  Power!  The bigger the cupboard...,21201.82,32956,1665,393,1683,197,55701,11/29/2009,12795.3,04/18/2021 05:06:38
218,Adanos,Adanos,Loopty Loop O Expert  Featherfall Squall Expert  Lunar Arc Expert  The Story of the Fire Itself  Nothing Can Go Wrong  Only Boring People Get Bored  Green Thumb  Featherfall Squall,21175.07,22809,4349,697,5901,215,39871,11/02/2007,13929.5,11/25/2021 23:06:55
219,OBITO,OBITO,How to get banned  Fall Guy  Deep Impact  Superfall King  Undertaken  Vindicated  Mac Daddy'd  Black Magicked,21164.84,15425,2830,603,7035,24,9149,03/10/2016,1127.8,01/05/2022 22:42:49
220,Mr. Big Broccoli,Mr. Big Broccoli,"Nightmare A Very Misty Christmas  We've Got Rock, Neil  Nightmare Slayer of Omenak  Nightmare Tomb of Etheria  I Would Walk 20,000 Miles  Nightmare Exterminator  You Cannot Hide  Are you Burdened?",21157.77,19368,868,568,869,307,68479,02/07/2012,37767.2,02/01/2022 01:55:18
221,k1ssandl0ve,k1ssandl0ve,True Ultimate Warrior  Catch Pro  Maverick  Professional Struggle  Speed Demon  Brawl Champion  Mastermind  Hard mode,21154.72,19271,785,629,676,231,57609,11/24/2015,60616.1,03/20/2022 10:19:11
222,Cronos,Cronos,Enthusiast  Breaking Bad  A way to treat a lady?  GOBLICIDE  PERFECTIONISTA  RODEO CLOWN  Tinkering is my middle name  Shopping Spree!,21115.51,20587,9224,627,13893,1808,314742,12/18/2009,14713.5,02/22/2021 01:19:14
223,Z1pper,Z1pper,Drill x 100  Squeezing In  Making Amends  Shielded Shipments  The Late Arrival  The Unearthly Devourer  The Star-Strewn Abyss  II,21048.79,17531,1241,603,1205,86,25098,12/22/2018,6554.5,02/27/2022 03:15:57
224,Randver,Randver,"Easy Campaign: Nam Humanum  Professional Polycrusher  L'il Ruler of the World  Chicken Chop Suey  See you at the party, Richter  A Stands for Awesome, Amazing, and Astonishing!  15 waves of Asteroids! Holy hell in space! Gotta keep pushin'!  15 minutes of fame",21021.59,21600,5444,133,6452,378,59180,04/28/2011,8684.1,05/03/2022 15:04:33
225,1llegal,1llegal,"Axis Deer  Deep Exploration: Cube  Survival Expert  War and Peace  Out of This World  Meaningless Explosion  When I Find You, and I Will...  Boss Hunter: Expert",20882.31,23315,866,764,460,36,4988,02/25/2017,11275.2,02/18/2022 21:45:11
226,Monoxis,Monoxis,"Gladiator Gold  Master of Germany  Gladiator Silver  Final Chapter in the East  Belhalhar's Butcher  British Victory  American Victory  Anzio, Cassino, D-Day, Market Garden oh my!",20848.88,33592,2588,148,3520,264,42802,11/24/2011,16360.3,10/31/2020 03:19:50
227,mrjodicow,mrjodicow,"Arid Finale  Riding Dirty  Lock, Stock And Barrel  Honorary Benson  Santa's Little Helper  Cookie Cook  Attempted Vehicular Infanticide  Deez Buffs Make Me Go Nuts",20833.4,26668,1629,576,2191,80,49290,05/25/2016,34294.2,01/28/2022 01:00:02
228,dfg,dfg,"Boomstick From Hell  Angry Baby  It wasn't an illness  No Gasmask, No Problem  Knee Deep in the Zed  Killing the killer  Sweet Revenge  ADS? What's that?",20828.95,19297,7364,750,10544,1481,183589,04/19/2007,19371.9,11/25/2021 20:01:29
229,Ramirez,Ramirez,Beta Owner  Not all there  Grinder Supreme  Snowman's Land  MVP  Snotastic  Active Hero  I'm So Special,20823.16,21981,3075,988,3453,419,63317,07/08/2008,17978.2,04/26/2022 21:54:36
230,Danky,Danky,Beat the Game on Hardcore  Faster Than a Hedgehog  Knight Helmet  Master of Assault  Administrator Assassinator  Flawlesss Victory  House  Sniper,20793.44,18221,3100,575,4508,16,6575,01/04/2012,15623.9,02/06/2021 20:16:15
231,E‚ÑùWYLYFRYSKY clavecd.es,E‚ÑùWYLYFRYSKY clavecd.es,Tear of fire  Grain of the past  Broken dream  World tour  A new star is born  Zero to hero  BFF  Are you Loyd?,20788.88,15065,3808,466,9084,271,66744,10/15/2010,7094.4,04/28/2022 05:46:25
232,Gorynych,Gorynych,"Damnit, Jim. I'm a Doctor, Not An Undertaker!  Sgt. MacReady  Aaaarrrrgggghhhh!  Patron Saint of Res  Super Parent  Trust No-one  Ooh, you're dirty  Unaligned",20781.61,20494,3315,563,4825,186,89774,05/09/2015,36314.4,02/20/2021 00:10:55
233,Alysso Rooder,Alysso Rooder,"Conqueror  Two Weeks  Funded!  Still ""Alive""  By the Scruff of Their Necks  Foreshadowing and Cymbalism  Survival Serenity  April Fact's Day",20670.22,17781,2043,695,2533,57,15646,08/19/2013,14906.7,12/16/2021 13:45:06
234,ÍπäÏùÄÎ≥ÑÎπõ,ÍπäÏùÄÎ≥ÑÎπõ,The spirit of adventure.  Mine. And nobody's else.  The customs man has cleared it 7  The customs man has cleared it 5  The customs man has cleared it 6  The customs man has cleared it 4  Excellent  The customs man has cleared it 3,20632.7,26257,2977,1551,2941,83,91009,03/24/2017,11088.2,12/03/2021 01:14:24
235,Fobeus,Fobeus,Lock you up [Score mode]  Gone in 60 Sanics!  Like a Ghost!  Fearless  Carbon Footprint  The ultimate Vanguard  Absolute accuracy  Legacy of the Forebear,20626.25,22977,5240,916,5178,1174,578379,04/21/2007,17420.0,02/21/2021 00:41:38
236,Blake,Blake,"How do you want to do this?  Dream Breaker  Thalamus' Gambit  There can be no light...  Green is my colour  Panic!  A worthy pilgrim...  You know, I'm a bit of a scientist myself",20538.49,18621,646,592,623,113,20252,02/16/2012,11146.6,10/30/2021 15:21:31
237,by_Mon9,by_Mon9,Getting The Hang Of This  The Chosen of Menoth  Laying Down The Hammer  Hit and Run  The Ice Queen  Exemplary!  Holier Than Thou  Death‚Äôs Sweet Embrace,20506.97,17546,689,404,828,339,42324,04/27/2014,3271.4,03/12/2022 16:42:37
238,Matwyn,Matwyn,Hardcore  Tell the World  The Void is the Limit  Fatal Slaps  LIVING ON BORROWED DIMES  Victory of Mind  Master of Disaster  Victory of You!,20495.62,19111,1146,632,1294,166,42867,02/26/2009,13549.3,02/02/2022 03:14:08
239,el1jah,el1jah,"10 Full DNA Scans  Patient Ten  Better Together, Again  Temple Runner  Screwed  Reporter  Finders  Kid Flash Forward",20493.51,22521,783,701,531,69,18505,02/09/2016,0.0,01/27/2022 20:29:59
240,BoRmSiE,BoRmSiE,All The Ways to Kill 6  Kiosk Item Unlocked: Merry Christmas  Kiosk Item Unlocked: Take A Drink  Kiosk Item Unlocked: Teddy  Kiosk Item Unlocked: Manger  Kiosk Item Unlocked: Deers  Kiosk Item Unlocked: Nap Time  Kiosk Item Unlocked: Mug,20468.99,35033,669,64,687,42,28527,04/17/2012,17464.7,01/22/2022 06:41:32
241,Waldi,Waldi,Private Investigator Associate  Pacifist  Portal 3  Master of Puppets  Evil Genius  Phoenix Rising  Going for the top!  The apprentice becomes the master!,20459.46,24828,3202,227,4271,401,101964,02/22/2012,313197.1,05/19/2021 12:00:09
242,Deathroll,Deathroll,Yellow Frog  S&D Cool Under Pressure Gold  S&D Bomberman Gold  S&D Cool Under Pressure Silver  Unneshasshhary Kryl'ty (Exploration mode)  Unneshasshhary Kryl'ty (Redux) (Exploration mode)  Unneshasshhary Kryl'ty (Insane (Roguelike) difficulty)  Tortoise Ninja,20450.11,22274,1627,391,1633,79,37339,12/29/2008,15846.6,10/28/2021 14:24:26
243,drotic,drotic,"Let's Block It Out  League Hall of Hard Knocks: The One Who Waits: Batman Who Laughs  Construct Combustion  Arid Finale  Lock, Stock And Barrel  Honorary Benson  Christmas 2021 Complete!  Unique Castle Complete!",20417.9,24170,787,725,419,32,6518,11/13/2020,7401.3,01/03/2022 12:51:17
244,ÂÇ≤Â®á„ÅÆkuma,ÂÇ≤Â®á„ÅÆkuma,"Game completed without dying!  Evney, VANQUISHED  Skoll, VANQUISHED  Helheim holds no secrets  Excessive...  ...AMATERASU!  Bug Zapper  Helheim Rune Challenge",20409.06,14361,9270,522,9369,1252,670669,01/07/2015,22266.9,02/10/2021 01:45:11
245,Immortal King,Immortal King,Tracked Gold  Sitting Duck Gold  Riding Shotgun Platinum  Transport Hunter Gold  Camper Van  S&D Cool Under Pressure Gold  S&D Bomberman Gold  Hoarder,20380.57,19337,1758,547,1754,817,177776,03/30/2011,27620.7,06/07/2021 14:04:11
246,+7,+7,By the beard of Zeus!  Imminent Death  Formidable Defense  Turret Admiral  Minimalist  Uneasy Defender  Hero  Ecologist,20367.23,20553,2030,1085,2759,92,26218,10/29/2013,0.0,12/19/2021 12:27:28
247,KENT,KENT,"Rebellious Student  A Daring Gambit  Deep Corruption  Better Together, Again  Temple Runner  Training Day  Kid Flash Forward  Begin Again",20366.28,22161,796,713,435,24,5096,10/18/2016,2869.1,01/21/2022 12:26:18
248,Yuuki Avari,Yuuki Avari,"True final form  Terminator  True achiever  See you at the party, Richter  Master of Multiwinia  Explorer  Monthly subscription  Impossibru!",20280.56,21699,1085,714,1219,564,479293,07/18/2012,19097.0,05/29/2021 05:12:25
249,Allalinor,Allalinor,Private profile,20274.78,22585,2996,740,2745,154,132442,,64764.8,01/31/2022 15:04:17
250,Arek,Arek,Self-killer (Madness (Adventure) difficulty)  Self-killer (Madness (Roguelike) difficulty)  Paradoxology (Madness (Adventure) difficulty)  Paradoxology (Madness (Roguelike) difficulty)  Kickin' it old-school (Madness (Roguelike) difficulty)  The High Lady's destiny (Madness (Adventure) difficulty)  The High Lady's destiny (Madness (Roguelike) difficulty)  Lichform (Madness (Roguelike) difficulty),20251.84,19789,733,587,797,237,116861,10/04/2003,32370.7,02/15/2021 10:39:56
251,Shaw,Shaw,"Warrior  Versatility  Mr. Mavis, I Don't Feel So Good...  Squire of the Arena  Why do we even have a time machine?!  Elevated Look  Bone Crusher  Loyalist",20147.4,19472,1794,223,2169,58,26285,09/09/2012,0.0,03/13/2021 15:29:32
252,Crazy Croc,Crazy Croc,Avenging Angel  Iron Cross 1st Class  Breadwinner  Battered and Bruised  Race under 5  Hole In One  Complete an Online Event - Closest to the Pin  Under Par on 9 Holes,20098.11,33361,1493,273,1292,133,41807,09/11/2008,15878.7,05/03/2022 09:54:02
253,Grimagin,Grimagin,Upgrade  I make this look good  DO A SUPPLEX  Speedrun Sprinter  Spiderman  Classic Master  Clumsy  Color Master,20080.38,16092,2739,446,3843,34,14192,05/04/2011,6564.1,06/24/2021 22:05:42
254,D,D,Total Annihilation: Redundancy (Madness (Adventure) difficulty)  Total Annihilation: Redundancy (Madness (Roguelike) difficulty)  Total Annihilation: Redundancy (Insane (Adventure) difficulty)  Total Annihilation: Redundancy (Nightmare (Adventure) difficulty)  Total Annihilation: Redundancy (Insane (Roguelike) difficulty)  Total Annihilation: Redundancy  Total Annihilation: Redundancy (Roguelike)  Total Annihilation: Redundancy (Nightmare (Roguelike) difficulty),20076.45,30020,558,385,365,140,56361,01/18/2018,13631.4,12/05/2021 04:17:45
255,Zaylify,Zaylify,Tracked Gold  Sitting Duck Gold  CAR vs. Car  Beyond the Sea  A New Day  Melon Felon  Rockstar!  Bloody Grinch,20075.91,22542,1830,554,1709,157,24789,04/12/2011,22717.8,03/09/2022 02:21:47
256,Ubi-WalleyFire,Ubi-WalleyFire,Deep Exploration: Cube  Survival Expert  Aiming Higher  Very Superstitious  Competitive Match: Grand Master  Champion  Big Trader  Legendary Pacifist,19965.24,20266,805,647,681,453,210017,07/29/2013,7295.2,04/05/2022 02:11:27
257,Crank,Crank,New Year's Resolution  FLAWLESS.DESCENT  Learning  Concentration  Level 4  Level 6  The Master  The Master of Level 1,19947.09,24363,11257,1238,16668,1500,257816,06/01/2007,33454.8,03/06/2022 09:46:55
258,HELP!!!,HELP!!!,Mutated Happily Ever After  Bloody Grinch  You Cannot Hide  Rank 7  Biodeicide  Gift Giver  Re-Animator  Jump Scare,19946.48,26524,656,543,582,515,339849,07/19/2015,4755.4,02/28/2022 20:26:02
259,silenttongue,silenttongue,Snowman's Land  Sailor  Chococalypse 2014  Act IV again  Boots of Speed  Scrooge  The map  Settlement Savior,19932.63,23393,4269,1076,5356,514,130684,09/21/2012,13312.4,01/13/2022 18:20:48
260,Genzel,Genzel,Master of Hangar 2  Master of medical  Master of the Icarus station Docking Bay  Man of Steel  Emergency Over  Last Man Standing  Colony master by Day!  Not bad for a Human,19877.63,21692,1487,519,1550,203,124971,11/25/2012,14507.4,03/29/2022 16:21:49
261,SuZull,SuZull,Deadswitch 3 Complete!  Challenge 57 Complete!  Challenge 56 Complete!  Kiosk Item Unlocked: Challenge 57  Kiosk Item Unlocked: Challenge 56  Challenge 55 Complete!  Friendly Bright Island  Kiosk Item Unlocked: Challenge 55,19728.19,33728,1105,411,1139,1335,2297924,11/28/2019,4316.6,12/08/2021 02:26:32
262,Golden #CS.DEALS,Golden #CS.DEALS,Box lost  Box lost  A Matter of Size  Masocore  Challenge Accepted  Acceleration Master  Minefield Master  Eternal Starshine,19700.93,20754,3873,600,5222,2902,1045246,09/20/2011,45596.9,05/26/2021 10:20:10
263,Icemember,Icemember,Knowledge is Power 2  World At War 4  Arashi Grandmaster 5  Hook and the Jolly Crew  Anglean Grandmaster 4  Mice  Arashi Grandmaster 4  Knowledge is Power 1,19593.72,28792,2913,313,3885,127,83009,02/22/2009,24906.5,01/28/2021 14:49:26
264,Lyraphor,Lyraphor,Flawless  Vegan  No Barrel Unbroken  Lore-seeker  Social Butterfly  Treasure Hunter  Pink Mist  DIY,19567.59,19532,1678,351,1950,280,74671,03/17/2005,9671.6,11/25/2021 19:53:15
265,Kwasi0069,Kwasi0069,Insane Rage  Senior  Master  Legend Award  Apprentice  Hero Award  God Award  Severed into Shreds,19554.33,19476,7998,499,12807,7262,2692841,11/26/2004,47925.4,02/22/2021 22:03:25
266,DefuseRmanden,DefuseRmanden,This is Awkward...  Coordinated Strike  Hyper Focused  This Is My Story  Even the Odds  A Sympathetic Ear  Body Snatching  I Love Laborjacks,19511.31,15204,566,357,738,58,23656,07/25/2014,7352.3,12/13/2021 15:08:56
267,SomeGuyYouKnow,SomeGuyYouKnow,"Boomstick From Hell  Angry Baby  It wasn't an illness  No Gasmask, No Problem  Knee Deep in the Zed  Killing the killer  Sweet Revenge  ADS? What's that?",19462.43,19416,725,461,604,115,53736,11/20/2009,15085.1,11/01/2021 17:53:52
268,F4T4L1TY,F4T4L1TY,Diamond Duration Award  Diamond Height Gain Award  Gold Duration Award  Perch for a while...  Silver Duration Award  Bronze Height Gain Award  Silver Height Gain Award  Gold Height Gain Award,19445.68,27120,10084,1361,13841,192,96939,02/05/2013,32558.8,01/26/2022 05:26:00
269,PaRuS,PaRuS,250 stars  200 stars  50 heroes with all stars  150 stars  Brutal Victory!  Bunker Funk  MiniDrivers tournament Champion  Twenty Missions IV,19405.45,20157,5766,722,6941,186,111453,03/29/2010,9229.0,12/19/2021 10:21:25
270,‚ôõÂæêÂ∞ë‚ôõ,‚ôõÂæêÂ∞ë‚ôõ,Buckle up!  Legen-DAIRY  Dairy diet  Hoarder  Makin‚Äô it rain  Big bucket of win  Bat'em all  Diamond God,19402.17,18879,759,600,831,742,379921,01/18/2017,299999.0,04/26/2022 19:48:50
271,Reberas,Reberas,Secret Crate Cracker  Secret Developer Fan  Secret Liker  Secret Community  Secret Reader  Hard mode  Seen it all  We love you too <3,19344.32,26216,9628,852,14202,749,160307,06/23/2011,30441.3,11/11/2021 03:46:31
272,StankusLeo,StankusLeo,Everyone Needs A Hobby  A Grade  Sticks And Stones  Obedient Machine  Just A Man  Scrapped  Strafing Run  Where He Stood,19338.27,18807,814,607,621,501,218187,09/15/2016,33991.1,03/10/2022 23:29:49
273,Ëé±ÂÖãÂ§öÂ∑¥ÊπæÁå¥Áéã,Ëé±ÂÖãÂ§öÂ∑¥ÊπæÁå¥Áéã,Unbelievable Phantom Hunter  Crazy Mode Completed  Metro  Vicious Circle  Light in the Dark  Fanatic  Hardcore  Deadswitch 3 Complete!,19283.96,17090,1252,603,1463,202,133561,12/29/2015,92958.7,11/11/2021 21:03:04
274,Tucs,Tucs,Liberator  The Art of War  Arena Master  Flawless  Vegan  No Barrel Unbroken  Lore-seeker  Social Butterfly,19247.69,17191,2661,453,3643,40,19437,08/23/2012,0.0,01/13/2022 19:20:24
275,M@nkey,M@nkey,Master Strategist  Master Defender  Ultimate Tactician  Feline Superiority  Through Dangers Untold  The Only Way to be Sure  The Philosopher  The Explorer,19228.82,19131,7298,805,11436,125,72046,09/18/2011,38634.4,09/19/2020 17:36:17
276,By Kara Lord,By Kara Lord,Hazmats deployed  Technologist  Kitting out  Team Building  Everyone is dead  Retail therapy  Who needs money  Freemium champ,19177.08,17264,1370,569,1725,1580,1317449,10/09/2017,4583.6,07/17/2021 11:15:55
277,A dJ,A dJ,Dark Soul  Aetherkin Archeologist  Cordeus Connoisseur  Glutton  Lumberjack  Explorer  Teams: 1-Stripe Admiral  Treehugger,19173.76,23879,12056,875,21171,3083,609078,06/02/2010,31136.8,01/30/2021 13:16:16
278,bitemeblinky,bitemeblinky,Master of Assault  Kiosk Item Unlocked: Bird  Kiosk Item Unlocked: Savanna  Kiosk Item Unlocked: Salad  Kiosk Item Unlocked: Fort  Kiosk Item Unlocked: Da Vinci  Unique Yum Yum Complete!  Unique Mini Santas Complete!,19169.97,21023,4218,445,5431,133,51758,02/14/2012,10692.4,12/26/2021 21:46:40
279,KHE–òZY,KHE–òZY,Happy Halloween!  Happy Halloween!  the True Pirate  This seems to be the End  a Hero.  Winner mk.2  Hand cutter mk.2  Dueler mk.1,19141.44,17427,1221,724,1383,165,56702,05/20/2016,25052.5,05/05/2022 00:46:31
280,Murphy's Lawyer,Murphy's Lawyer,Chaladonian Grandmaster 8  Chaladonian Grandmaster 9  Chaladonian Grandmaster 10  Chaladonian Grandmaster 7  World Fights Back - Infiltration 2  Chaladonian Grandmaster 6  Anglean Grandmaster 6  World At War 1,19040.18,17470,971,409,1274,556,88176,01/27/2012,19150.5,02/10/2021 13:11:10
281,SC4LDER,SC4LDER,Private profile,19037.69,17730,1799,768,2174,47,14084,,19509.8,07/10/2021 01:36:23
282,QETC‚Ñ¢Crimson,QETC‚Ñ¢Crimson,Follow the Leader 5  Spoils of War 3  Voice of Inspiration 4  Protect the Homeland 5  Knowledge is Power 4  Research and Development 3  Victory at any Cost  Fated to Fight,19033.29,15888,9545,258,9289,138,29385,04/06/2007,47491.7,02/25/2020 21:20:27
283,aivar7083,aivar7083,"All The Way home  I`ve got something for you!  Ship Of The Dead  Riggs Completion - Quick Exit  Klingons On The Starboard Bow  Jake & The Never-land Pirates  The Good, the bad and the Ugly  She Cant Take Much More Captain!",19028.1,20131,1264,798,1258,967,461139,09/04/2008,17735.3,03/06/2022 10:24:05
284,Serotoninphobe,Serotoninphobe,Path Explorations //4\\  Path Explorations //5\\  Path Explorations //6\\  Path Explorations //7\\  Path Explorations //8\\  There can be no light...  Path Explorations //3\\  A worthy pilgrim...,19018.37,19246,1134,592,1209,225,33169,07/03/2009,19351.3,11/05/2021 18:03:42
285,–û–ª–µ–≥,–û–ª–µ–≥,Champion  High End Raiding  Puzzle Elementalist  For the swarm  Armageddon  You're the Boss  Gladiator  Gatekeeper,18980.67,19732,746,598,719,98,46183,06/28/2016,2731.8,12/14/2021 12:18:43
286,tpblhb,tpblhb,Unstoppable!  Teamwork!  Not A Fluke  WHAT THE STUFF!?  Nothing To See Here  Boss Hunter  Rank 7  Trigger Happy,18955.75,15235,552,487,604,32,9788,03/01/2012,4533.2,11/02/2021 12:26:17
287,Major K√∂nig,Major K√∂nig,"This used to be a nice neighborhood!  This isn't what I signed up for  Night Duty  Angry Baby  It wasn't an illness  No Gasmask, No Problem  Knee Deep in the Zed  CAR vs. Car",18939.01,19492,2350,912,2409,201,60996,05/07/2012,11479.9,03/06/2022 07:24:24
288,MadMixa81,MadMixa81,Tides of War  Eat This!  Dueling Chainsaws  Six Shooter  Private  The ultimate showdown!  Green Thumb  Ransacked,18917.81,18459,2663,497,3885,134,27267,02/22/2010,12977.1,02/28/2021 12:44:16
289,Korvus,Korvus,"Night Duty  Boomstick From Hell  Angry Baby  It wasn't an illness  No Gasmask, No Problem  Knee Deep in the Zed  Killing the killer  Two Weeks",18886.68,16825,2153,535,2874,344,63928,05/21/2010,24050.0,01/03/2022 12:46:33
290,c00lizz,c00lizz,Private profile,18884.56,17171,1524,427,2255,574,287095,,84245.6,09/04/2020 14:29:02
291,flashStroke,flashStroke,Bloody Grinch  Gift Giver  Flawless  Eclipse  100% Complete  Blood bath  Survival master  Cloaker Charmer,18858.78,19491,4080,968,5602,87,19568,09/02/2006,11493.4,01/20/2022 00:26:18
292,The Hench¬©,The Hench¬©,Sacrifice for Achievement  Lazer Fanatic  Demoman  There is no not enough of ammo...  Armourer  Have mercy! That's enough!  Kindergarten  It was easy,18808.06,17581,1529,639,1487,236,46792,06/23/2006,8573.6,02/24/2020 20:00:32
293,mishgun,mishgun,Time Master  Temporal Agent  Lore Master  Fast  Master Thief  Master Spy  Master Drunk  Ken Gilcrest,18801.61,21449,3202,522,3052,2903,1572523,10/28/2010,21185.1,03/13/2020 02:42:00
294,‚éõ‚éùÂ∞è‰ºÅÈπÖ‚é†‚éûüåà,‚éõ‚éùÂ∞è‰ºÅÈπÖ‚é†‚éûüåà,Barrely Victorious  Self-Destruct Mutton  Redeemer  Kooky Cookies  Majority Owner  Survivalist  Crate Master  Anubis,18756.17,17420,3214,561,6941,292,93506,03/23/2015,105333.9,02/19/2022 18:06:58
295,eVeRbLaZe,eVeRbLaZe,Control the Sky Eater  Peculiar Vessel  Legendary  Notorious Artist  Fast Deposit  Blizzard  Just in Time  Known Quantity,18717.29,22397,1121,446,1041,74,29657,02/17/2010,18808.1,12/20/2021 01:28:32
296,WJF,WJF,Arc This Triumph!  Godzilla Tribute  Soul Crusher  Born Again  The Greening  Surprise!!!!!  Level 7 ‚òÜ‚òÜ‚òÜ  Deadswitch 3 Complete!,18688.31,20723,4066,463,4961,292,58156,02/02/2014,10502.3,10/31/2021 19:33:41
297,EuroCremlin - reMaster,EuroCremlin - reMaster,Eagle Meister  Midas Touch  Challenge Master  Dedication  Golden  Calypso Athlete  Calypso Olympist  Shop-a-holic,18679.82,18510,2017,426,2374,129,55825,06/23/2012,18074.9,11/01/2021 14:45:14
298,.oscilloscopa,.oscilloscopa,Sgt. MacReady  Patron Saint of Res  Trust No-one  It came from...behind  Rifles Only  The Last Straw  Army of Darkness  Clogbeard's Treasure,18639.57,20396,4390,510,6472,240,39691,06/11/2005,14274.3,09/13/2020 21:06:36
299,Tierblume,Tierblume,Challenge King  The Scintillating Flame  The Ravenous Maw  C700: Foggy Mornings  C700: Evening Rain  C700: 700 Winters  C700: Expert Driver  C700: Class 700 Veteran,18629.63,16129,1691,616,2137,1121,129281,03/07/2008,6780.4,02/24/2022 06:19:11
300,XKXXK.FX | RUS,XKXXK.FX | RUS,Persistent Perfectionist  Gladiator III  Gladiator IV  Gladiator V  Titan III  Titan IV  Renegade IV  Renegade V,18626.77,15959,575,283,740,26,6236,09/23/2015,2695.9,04/30/2022 21:36:04
